aln_codon_pos,h3_ha1_number,beta_dN,p_value
9,,1.3429,0.04591
66,50,2.3248,0.03510
161,135,4.2112,0.00193
183,157,4.1714,0.04621
219,193,2.5898,0.01495
287,261,4.3934,0.00167
