aln_codon_pos,alpha_dS,beta_dN,dN_minus_dS,p_value
9,0.0036,1.3429,1.3393,0.04591
66,0.0111,2.3248,2.3137,0.03510
161,0.0088,4.2112,4.2024,0.00193
183,0.6565,4.1714,3.5149,0.04621
219,0.0003,2.5898,2.5895,0.01495
287,0.0097,4.3934,4.3837,0.00167
