aln_codon_pos,alpha_dS,beta_dN,dN_minus_dS,p_value
237,0.0093,3.9430,3.9337,0.03408
247,0.0089,2.3345,2.3256,0.00385
274,0.0081,8.9442,8.9361,0.00876
298,0.0074,5.2034,5.1959,0.00260
