aln_codon_pos,alpha_dS,beta_dN,dN_minus_dS,p_value
236,0.0100,5.0000,4.9900,0.00205
304,1.1510,7.6912,6.5402,0.01965
322,0.0106,2.0747,2.0642,0.02770
