dataset,method,aln_codon_pos,p_value,q_value,survives_fdr
flu_h3_ha,FEL,9,0.0459126,0.164206,no
flu_h3_ha,FEL,66,0.0351043,0.137096,no
flu_h3_ha,FEL,161,0.00193496,0.0264354,yes
flu_h3_ha,FEL,183,0.046212,0.164206,no
flu_h3_ha,FEL,219,0.0149545,0.0823415,no
flu_h3_ha,FEL,287,0.0016728,0.0262557,yes
flu_h3_ha,MEME,2,0.0334465,0.733968,no
flu_h3_ha,MEME,16,0.0204879,0.733968,no
flu_h3_ha,MEME,150,0.00160875,0.412697,no
flu_h3_ha,MEME,157,1.23055e-05,0.00711257,yes
flu_h3_ha,MEME,161,0.00357004,0.412697,no
flu_h3_ha,MEME,216,0.0440079,0.733968,no
flu_h3_ha,MEME,219,0.0239363,0.733968,no
flu_h3_ha,MEME,249,0.00533293,0.513739,no
flu_h3_ha,MEME,287,0.0031336,0.412697,no
flu_h3_ha,MEME,374,0.00326901,0.412697,no
flu_h3_ha,MEME,557,0.0264319,0.733968,no
rsv_a,FEL,237,0.0340795,0.411293,no
rsv_a,FEL,247,0.00385094,0.137778,no
rsv_a,FEL,274,0.0087561,0.216882,no
rsv_a,FEL,298,0.00259555,0.119395,no
rsv_a,MEME,142,0.0174126,0.917379,no
rsv_a,MEME,178,0.0438109,0.917379,no
rsv_a,MEME,237,0.0487034,0.917379,no
rsv_a,MEME,247,0.00663349,0.5907,no
rsv_a,MEME,267,0.00733789,0.5907,no
rsv_a,MEME,274,0.0145231,0.917379,no
rsv_a,MEME,298,0.00469434,0.5907,no
rsv_a,MEME,321,0.00673338,0.5907,no
rsv_b,FEL,236,0.00205211,0.0985014,no
rsv_b,FEL,304,0.0196514,0.366827,no
rsv_b,FEL,322,0.0276992,0.443188,no
rsv_b,MEME,94,0.0255102,1,no
rsv_b,MEME,181,0.000526903,0.177039,no
rsv_b,MEME,235,0.0241344,1,no
rsv_b,MEME,236,0.00374313,0.628847,no
rsv_b,MEME,304,0.0294548,1,no
rsv_b,MEME,311,0.0395651,1,no
rsv_b,MEME,322,0.0401669,1,no
